{
  "format": "graduation_classifier_checkpoint_v1",
  "labels": [
    "beca",
    "faixa",
    "capelo",
    "canudo",
    "jabor"
  ],
  "feature_names": [
    "mean",
    "std",
    "edge_like",
    "top_minus_bottom",
    "mid_minus_top",
    "contrast",
    "center_std",
    "aspect_ratio",
    "upper_minus_lower",
    "left_minus_right",
    "quadrant_balance",
    "top_vs_bottom_quarters"
  ],
  "feature_mean": [
    0.3939729630947113,
    0.23541125655174255,
    0.010644260793924332,
    0.12054112553596497,
    -0.025376221165060997,
    0.9927760362625122,
    0.2555512487888336,
    0.5740485787391663,
    0.046733684837818146,
    0.02778792195022106,
    0.03128812089562416,
    0.07134313881397247
  ],
  "feature_std": [
    0.09202291071414948,
    0.030355023220181465,
    0.003210304770618677,
    0.10648695379495621,
    0.0735396295785904,
    0.021961146965622902,
    0.045117009431123734,
    0.04674882814288139,
    0.08066299557685852,
    0.05942796543240547,
    0.10219798237085342,
    0.08772393316030502
  ],
  "weights": [
    [
      0.17624595761299133,
      -0.042312413454055786,
      0.08966884016990662,
      -0.30459049344062805,
      0.29095932841300964,
      -0.14920753240585327,
      -0.1267959028482437,
      -0.30093055963516235,
      -0.30204543471336365,
      0.07879877090454102,
      0.21888743340969086,
      -0.3003080487251282
    ],
    [
      0.0013206138974055648,
      0.022544823586940765,
      0.00935018714517355,
      -0.01718585006892681,
      0.007375015877187252,
      -0.019177652895450592,
      0.017569005489349365,
      -0.0009985181968659163,
      -0.0036972472444176674,
      -0.013618591241538525,
      0.02445082738995552,
      -0.003090589540079236
    ],
    [
      -0.008566556498408318,
      -0.007042671088129282,
      0.010646183975040913,
      0.007308881264179945,
      0.00825465191155672,
      0.008616420440375805,
      0.04283295199275017,
      -0.008128300309181213,
      -0.010244854725897312,
      -0.016275454312562943,
      0.012319588102400303,
      0.02257944643497467
    ],
    [
      -0.0022789491340517998,
      -0.016803128644824028,
      -0.016489624977111816,
      0.013011856004595757,
      0.014865083619952202,
      0.010863085277378559,
      -0.01331019401550293,
      0.004643226508051157,
      0.002333716256543994,
      0.004373772069811821,
      0.017428575083613396,
      0.004471911117434502
    ],
    [
      0.013578271493315697,
      0.0013515814207494259,
      0.005782388150691986,
      0.01262576412409544,
      -0.029143115505576134,
      -0.0063934242352843285,
      -0.00940745323896408,
      -0.012777556665241718,
      -0.005502845160663128,
      0.02989882603287697,
      -0.017316622659564018,
      0.019365567713975906
    ]
  ],
  "bias": [
    0.08514172583818436,
    0.0,
    0.0,
    0.0,
    0.0
  ],
  "metadata": {
    "catalog": "Possa",
    "trained_at": "2026-05-29T03:13:21.912367+00:00",
    "samples": 57,
    "epochs": 27,
    "loss_final": 0.000839943706523627,
    "positives": {
      "beca": 1,
      "faixa": 0,
      "capelo": 0,
      "canudo": 0,
      "jabor": 0
    },
    "active_labels": [
      "beca"
    ],
    "inactive_labels": [
      "faixa",
      "capelo",
      "canudo",
      "jabor"
    ],
    "labels": [
      "beca",
      "faixa",
      "capelo",
      "canudo",
      "jabor"
    ],
    "feature_names": [
      "mean",
      "std",
      "edge_like",
      "top_minus_bottom",
      "mid_minus_top",
      "contrast",
      "center_std",
      "aspect_ratio",
      "upper_minus_lower",
      "left_minus_right",
      "quadrant_balance",
      "top_vs_bottom_quarters"
    ],
    "saved_at": "2026-05-29T03:13:21.912871+00:00"
  }
}